
[
    {
        "question":"Несколько лет назад установилась тенденция к увеличению стоимости услуг на разработку и продвижение интернет-сайтов, которая, похоже, будет сохраняться в силу того, что ---- к разработке сайтов стали повышаться.",
        "answer": ["требования ","отказы","жалобы","услуги","соотношения"],
        "explanation":"Açıklama 1"
    },
    {
        "question":"По обеим сторонам дороги тянулась ---- степь, конца которой не было видно.",
        "answer": ["бескрайняя" , "бессонная" , "безвозмездная","бескорыстная ","бездарная "],
        "explanation":"Açıklama 2"
    },
    {
        "question":"Архитекторы ---- усердно работали над проектом нового спортивного комплекса, потому и получили награду за лучший проект года.",
        "answer": ["весьма","поверхностно","по-плохому ","мало","небрежно"],
        "explanation":"Açıklama 3"
    }
    ,{
        "question": "Встречу представителей двух стран пришлось ---- на другое время в силу того, что обстоятельства изменились.",
        "answer":["перенести","поднести","принести","занести","внести"],
        "explanation":"Açıklama 4"
    },
    {
        "question":"Страны ООН подписали резолюцию, в которой приняли решение ---- от любой формы вооружённого вмешательства.",
        "answer":["воздерживаться","придерживаться","продержаться","сдерживаться","задержаться"],
        "explanation":"Açıklama 5"
    }
        

]